<?xml version="1.0" encoding="utf-8" standalone="yes" ?>
<rss version="2.0" xmlns:atom="http://www.w3.org/2005/Atom">
  <channel>
    <title>3 | Rıza Özçelik</title>
    <link>https://www.cmpe.boun.edu.tr/~riza.ozcelik/publication-type/3/</link>
      <atom:link href="https://www.cmpe.boun.edu.tr/~riza.ozcelik/publication-type/3/index.xml" rel="self" type="application/rss+xml" />
    <description>3</description>
    <generator>Source Themes Academic (https://sourcethemes.com/academic/)</generator><language>en-us</language><lastBuildDate>Thu, 23 Apr 2020 00:00:00 +0000</lastBuildDate>
    <image>
      <url>https://www.cmpe.boun.edu.tr/~riza.ozcelik/images/icon_huffb0aa39e3322d800cf76e883eb58aff_22058_512x512_fill_lanczos_center_2.png</url>
      <title>3</title>
      <link>https://www.cmpe.boun.edu.tr/~riza.ozcelik/publication-type/3/</link>
    </image>
    
    <item>
      <title>ChemBoost: A chemical language based approach for the prediction of protein - ligand binding affinity</title>
      <link>https://www.cmpe.boun.edu.tr/~riza.ozcelik/publication/chemboost/</link>
      <pubDate>Thu, 23 Apr 2020 00:00:00 +0000</pubDate>
      <guid>https://www.cmpe.boun.edu.tr/~riza.ozcelik/publication/chemboost/</guid>
      <description></description>
    </item>
    
  </channel>
</rss>
