[{"authors":["admin"],"categories":null,"content":"I am a research/teaching assistant and MSc student at the Dept. of Computer Engineering in Boğaziçi University, Istanbul, where I also hold a high-honor BSc degree 🎓. I conduct research on natural language processing and cheminformatics as a member of TabiLab, under the supervision of Arzucan Özgür and Elif Özkırımlı.👩‍🔬👩‍🔬\nBesides research and teaching, I pen blogs in order to convey complex machine learning approaches accessibly. Join me!\n","date":-62135596800,"expirydate":-62135596800,"kind":"taxonomy","lang":"en","lastmod":-62135596800,"objectID":"2525497d367e79493fd32b198b28f040","permalink":"https://www.cmpe.boun.edu.tr/~riza.ozcelik/author/r%C4%B1za-ozcelik/","publishdate":"0001-01-01T00:00:00Z","relpermalink":"/~riza.ozcelik/author/r%C4%B1za-ozcelik/","section":"authors","summary":"I am a research/teaching assistant and MSc student at the Dept. of Computer Engineering in Boğaziçi University, Istanbul, where I also hold a high-honor BSc degree 🎓. I conduct research on natural language processing and cheminformatics as a member of TabiLab, under the supervision of Arzucan Özgür and Elif Özkırımlı.","tags":null,"title":"Rıza Özçelik","type":"authors"},{"authors":["Rıza Özçelik","Hakime Öztürk","Arzucan Özgür","Elif Ozkirimli"],"categories":["cheminformatics"],"content":"","date":1606003200,"expirydate":-62135596800,"kind":"page","lang":"en","lastmod":1606003200,"objectID":"71bde1437fafccafc1ed627e4705c2a0","permalink":"https://www.cmpe.boun.edu.tr/~riza.ozcelik/publication/chemboost/","publishdate":"2020-04-23T00:00:00Z","relpermalink":"/~riza.ozcelik/publication/chemboost/","section":"publication","summary":"We exploit the chemical language in SMILES and aminoacid sequences to predict drug-target affinity and present state-of-the-art level affinity prediction models.","tags":["language processing","cheminformatics","affinity prediction"],"title":"ChemBoost: A chemical language based approach for the prediction of protein - ligand binding affinity","type":"publication"},{"authors":["Abdullatif Köksal","Hilal Dönmez","Rıza Özçelik","Elif Ozkirimli","Arzucan Özgür"],"categories":["natural language processing"],"content":"","date":1599264000,"expirydate":-62135596800,"kind":"page","lang":"en","lastmod":1599264000,"objectID":"2b8d4c4400c53f3a92df091e2ecd1174","permalink":"https://www.cmpe.boun.edu.tr/~riza.ozcelik/publication/vapur/","publishdate":"2020-09-05T00:00:00Z","relpermalink":"/~riza.ozcelik/publication/vapur/","section":"publication","summary":"We create a search engine to identify bichemically related molecules in CORD-19 abstracts.","tags":["natural language processing","bioinformatics","information retrieval"],"title":"Vapur: A Search Engine to Find Related Protein - Compound Pairs in COVID-19 Literature","type":"publication"},{"authors":["Emrah Budur","Rıza Özçelik","Tunga Güngör","Christopher Potts"],"categories":["natural language processing"],"content":"","date":1588291200,"expirydate":-62135596800,"kind":"page","lang":"en","lastmod":1588291200,"objectID":"eae014ce484ab1799f9d154c6da13a52","permalink":"https://www.cmpe.boun.edu.tr/~riza.ozcelik/publication/nli-tr/","publishdate":"2020-05-01T00:00:00Z","relpermalink":"/~riza.ozcelik/publication/nli-tr/","section":"publication","summary":"We present the first large labeled Turkish NLI dataset (NLI-TR) and models using machine translation.","tags":["Turkish","natural language processing","transformers"],"title":"Data and Representation for Turkish Natural Language Inference","type":"publication"},{"authors":["Rıza Özçelik","Gökçe Uludoğan","Selen Parlar","Özge Bakay","Özlem Ergelen","Olcay Taner Yıldız"],"categories":["natural language processing"],"content":"","date":1556064000,"expirydate":-62135596800,"kind":"page","lang":"en","lastmod":1556064000,"objectID":"a0c1a6d57794ad7a4211d145e2d8c264","permalink":"https://www.cmpe.boun.edu.tr/~riza.ozcelik/publication/kenet/","publishdate":"2019-04-24T00:00:00Z","relpermalink":"/~riza.ozcelik/publication/kenet/","section":"publication","summary":"We present the first UI that enables online traversal of Turkish WordNet: KeNet.","tags":["natural language processing","Turkish","user interface"],"title":"User Interface for Turkish Word Network KeNet","type":"publication"},{"authors":["Gökçe Uludoğan","Rıza Özçelik","Selen Parlar","Gökhan Ercan","Olcay Taner Yıldız"],"categories":["natural language processing"],"content":"","date":1555977600,"expirydate":-62135596800,"kind":"page","lang":"en","lastmod":1555977600,"objectID":"644d2f6b140754503c92580fcfecae3f","permalink":"https://www.cmpe.boun.edu.tr/~riza.ozcelik/publication/nlptoolkit/","publishdate":"2019-04-23T00:00:00Z","relpermalink":"/~riza.ozcelik/publication/nlptoolkit/","section":"publication","summary":"We develop a web application to use a Turkish NLP library (nlptoolkit) online.","tags":["natural language processing","Turkish","user interface"],"title":"User Interfaces for Turkish Natural Language Processing","type":"publication"},{"authors":["Gökhan Ercan","Orçun Erkek","Onur Açıkgöz","Rıza Özçelik","Selen Parlar","Olcay Taner Yıldız"],"categories":["natural language processing"],"content":"","date":1514764800,"expirydate":-62135596800,"kind":"page","lang":"en","lastmod":1514764800,"objectID":"cea4c5287bb4d7c0e5e5e92b04b54b12","permalink":"https://www.cmpe.boun.edu.tr/~riza.ozcelik/publication/dataset-gen/","publishdate":"2018-01-01T00:00:00Z","relpermalink":"/~riza.ozcelik/publication/dataset-gen/","section":"publication","summary":"A dataset to measure sentence and paragraph level similarity in Turkish texts.","tags":["natural language processing","Turkish"],"title":"Data Set Generation for Analysis of Turkish Semantic and Sentence Similarity","type":"publication"}]