<?xml version="1.0" encoding="utf-8" standalone="yes" ?>
<rss version="2.0" xmlns:atom="http://www.w3.org/2005/Atom">
  <channel>
    <title>Abdullatif Köksal | Rıza Özçelik</title>
    <link>https://www.cmpe.boun.edu.tr/~riza.ozcelik/author/abdullatif-koksal/</link>
      <atom:link href="https://www.cmpe.boun.edu.tr/~riza.ozcelik/author/abdullatif-koksal/index.xml" rel="self" type="application/rss+xml" />
    <description>Abdullatif Köksal</description>
    <generator>Source Themes Academic (https://sourcethemes.com/academic/)</generator><language>en-us</language><lastBuildDate>Sat, 05 Sep 2020 00:00:00 +0000</lastBuildDate>
    <image>
      <url>https://www.cmpe.boun.edu.tr/~riza.ozcelik/images/icon_huffb0aa39e3322d800cf76e883eb58aff_22058_512x512_fill_lanczos_center_2.png</url>
      <title>Abdullatif Köksal</title>
      <link>https://www.cmpe.boun.edu.tr/~riza.ozcelik/author/abdullatif-koksal/</link>
    </image>
    
    <item>
      <title>Vapur: A Search Engine to Find Related Protein - Compound Pairs in COVID-19 Literature</title>
      <link>https://www.cmpe.boun.edu.tr/~riza.ozcelik/publication/vapur/</link>
      <pubDate>Sat, 05 Sep 2020 00:00:00 +0000</pubDate>
      <guid>https://www.cmpe.boun.edu.tr/~riza.ozcelik/publication/vapur/</guid>
      <description></description>
    </item>
    
  </channel>
</rss>
