<?xml version="1.0" encoding="utf-8" standalone="yes" ?>
<rss version="2.0" xmlns:atom="http://www.w3.org/2005/Atom">
  <channel>
    <title>Recent &amp; Upcoming Talks | Rıza Özçelik</title>
    <link>https://www.cmpe.boun.edu.tr/~riza.ozcelik/talk/</link>
      <atom:link href="https://www.cmpe.boun.edu.tr/~riza.ozcelik/talk/index.xml" rel="self" type="application/rss+xml" />
    <description>Recent &amp; Upcoming Talks</description>
    <generator>Source Themes Academic (https://sourcethemes.com/academic/)</generator><language>en-us</language>
    <image>
      <url>https://www.cmpe.boun.edu.tr/~riza.ozcelik/images/icon_huffb0aa39e3322d800cf76e883eb58aff_22058_512x512_fill_lanczos_center_2.png</url>
      <title>Recent &amp; Upcoming Talks</title>
      <link>https://www.cmpe.boun.edu.tr/~riza.ozcelik/talk/</link>
    </image>
    
  </channel>
</rss>
