<?xml version="1.0" encoding="utf-8" standalone="yes" ?>
<rss version="2.0" xmlns:atom="http://www.w3.org/2005/Atom">
  <channel>
    <title>transformers | Rıza Özçelik</title>
    <link>https://www.cmpe.boun.edu.tr/~riza.ozcelik/tag/transformers/</link>
      <atom:link href="https://www.cmpe.boun.edu.tr/~riza.ozcelik/tag/transformers/index.xml" rel="self" type="application/rss+xml" />
    <description>transformers</description>
    <generator>Source Themes Academic (https://sourcethemes.com/academic/)</generator><language>en-us</language><lastBuildDate>Fri, 01 May 2020 00:00:00 +0000</lastBuildDate>
    <image>
      <url>https://www.cmpe.boun.edu.tr/~riza.ozcelik/images/icon_huffb0aa39e3322d800cf76e883eb58aff_22058_512x512_fill_lanczos_center_2.png</url>
      <title>transformers</title>
      <link>https://www.cmpe.boun.edu.tr/~riza.ozcelik/tag/transformers/</link>
    </image>
    
    <item>
      <title>Data and Representation for Turkish Natural Language Inference</title>
      <link>https://www.cmpe.boun.edu.tr/~riza.ozcelik/publication/nli-tr/</link>
      <pubDate>Fri, 01 May 2020 00:00:00 +0000</pubDate>
      <guid>https://www.cmpe.boun.edu.tr/~riza.ozcelik/publication/nli-tr/</guid>
      <description></description>
    </item>
    
  </channel>
</rss>
