<?xml version="1.0" encoding="utf-8" standalone="yes" ?>
<rss version="2.0" xmlns:atom="http://www.w3.org/2005/Atom">
  <channel>
    <title>user interface | Rıza Özçelik</title>
    <link>https://www.cmpe.boun.edu.tr/~riza.ozcelik/tag/user-interface/</link>
      <atom:link href="https://www.cmpe.boun.edu.tr/~riza.ozcelik/tag/user-interface/index.xml" rel="self" type="application/rss+xml" />
    <description>user interface</description>
    <generator>Source Themes Academic (https://sourcethemes.com/academic/)</generator><language>en-us</language><lastBuildDate>Wed, 24 Apr 2019 00:00:00 +0000</lastBuildDate>
    <image>
      <url>https://www.cmpe.boun.edu.tr/~riza.ozcelik/images/icon_huffb0aa39e3322d800cf76e883eb58aff_22058_512x512_fill_lanczos_center_2.png</url>
      <title>user interface</title>
      <link>https://www.cmpe.boun.edu.tr/~riza.ozcelik/tag/user-interface/</link>
    </image>
    
    <item>
      <title>User Interface for Turkish Word Network KeNet</title>
      <link>https://www.cmpe.boun.edu.tr/~riza.ozcelik/publication/kenet/</link>
      <pubDate>Wed, 24 Apr 2019 00:00:00 +0000</pubDate>
      <guid>https://www.cmpe.boun.edu.tr/~riza.ozcelik/publication/kenet/</guid>
      <description></description>
    </item>
    
    <item>
      <title>User Interfaces for Turkish Natural Language Processing</title>
      <link>https://www.cmpe.boun.edu.tr/~riza.ozcelik/publication/nlptoolkit/</link>
      <pubDate>Tue, 23 Apr 2019 00:00:00 +0000</pubDate>
      <guid>https://www.cmpe.boun.edu.tr/~riza.ozcelik/publication/nlptoolkit/</guid>
      <description></description>
    </item>
    
  </channel>
</rss>
